<?xml version="1.0" encoding="UTF-8"?>
<!DOCTYPE mapper PUBLIC "-//mybatis.org//DTD Mapper 3.0//EN" "http://mybatis.org/dtd/mybatis-3-mapper.dtd" >
<mapper namespace="com.redis.mapper.StudentMapper">

	<!-- 增加数据 -->
	<insert id="insert" parameterType="com.redis.pojo.Student" useGeneratedKeys="true" keyProperty="id">
		insert into student(`name`,`age`,`sex`) values(#{name},#{age},#{sex})
	</insert>
	
	<!-- 删除数据 -->
	<delete id="deleteByPrimaryKey">
		delete from student where id=#{id}
	</delete>
	
	<!-- 修改数据 -->
   <update id="updateByPrimaryKey" parameterType="com.redis.pojo.Student">
   	update student 
   	<set>
   		<if test="name !=null and name !=''">
   			`name`=#{name},
   		</if>
   		<if test="age !=null">
   			`age`=#{age},
   		</if>
   		<if test="sex !=null and sex !=''">
   			sex=#{sex},
   		</if>
   	</set>
   	where id=#{id}
   </update>
   
	<!--查询数据  -->
	<select id="selectByPrimaryKey" resultType="com.redis.pojo.Student">
		SELECT * FROM student where id=#{id}
	</select>
 </mapper> 